{"cameraMode":{"drawMode":0,"name":"Shaded","section":"Shading Mode"},"sceneLighting":false,"audioPlay":false,"sceneViewState":{"showFog":true,"showMaterialUpdate":false,"showSkybox":false,"showFlares":true,"showImageEffects":true,"showParticleSystems":true},"in2DMode":false,"pivot":{"x":3.214759111404419,"y":0.9595363736152649,"z":-1.509625792503357},"rotation":{"x":0.08625584840774536,"y":-0.7760601043701172,"z":0.10882361978292465,"w":0.6152066588401794},"size":5.242595672607422,"orthographic":false}