{"cameraMode":{"drawMode":0,"name":"Shaded","section":"Shading Mode"},"sceneLighting":false,"audioPlay":false,"sceneViewState":{"showFog":false,"showMaterialUpdate":false,"showSkybox":false,"showFlares":false,"showImageEffects":false,"showParticleSystems":false},"in2DMode":false,"pivot":{"x":-3.0816054344177248,"y":41.4826545715332,"z":22.93014907836914},"rotation":{"x":-0.10874312371015549,"y":-0.6696820855140686,"z":0.10006062686443329,"w":-0.7278716564178467},"size":15.203527450561524,"orthographic":false}