{"cameraMode":{"drawMode":0,"name":"Shaded","section":"Shading Mode"},"sceneLighting":false,"audioPlay":false,"sceneViewState":{"showFog":true,"showMaterialUpdate":false,"showSkybox":false,"showFlares":true,"showImageEffects":true,"showParticleSystems":true},"in2DMode":false,"pivot":{"x":6.35344123840332,"y":39.66716766357422,"z":14.091614723205567},"rotation":{"x":-0.1100010946393013,"y":-0.6758915781974793,"z":0.10306468605995178,"w":-0.7214852571487427},"size":17.277690887451173,"orthographic":false}