{"cameraMode":{"drawMode":0,"name":"Shaded","section":"Shading Mode"},"sceneLighting":true,"audioPlay":false,"sceneViewState":{"showFog":true,"showMaterialUpdate":false,"showSkybox":true,"showFlares":true,"showImageEffects":true,"showParticleSystems":true},"in2DMode":false,"pivot":{"x":501.67340087890627,"y":84.46218872070313,"z":-214.1742401123047},"rotation":{"x":-0.040167905390262607,"y":0.026661287993192674,"z":0.0010291156359016896,"w":0.9988856911659241},"size":22.0,"orthographic":false}