{"cameraMode":{"drawMode":0,"name":"Shaded","section":"Shading Mode"},"sceneLighting":true,"audioPlay":false,"sceneViewState":{"showFog":true,"showMaterialUpdate":false,"showSkybox":true,"showFlares":true,"showImageEffects":true,"showParticleSystems":true},"in2DMode":false,"pivot":{"x":3.2560524940490724,"y":45.572933197021487,"z":36.8875617980957},"rotation":{"x":0.20141437649726869,"y":0.6791146993637085,"z":-0.2023150473833084,"w":0.6762763261795044},"size":41.304161071777347,"orthographic":false}