{"cameraMode":{"drawMode":0,"name":"Shaded","section":"Shading Mode"},"sceneLighting":true,"audioPlay":false,"sceneViewState":{"showFog":false,"showMaterialUpdate":false,"showSkybox":false,"showFlares":false,"showImageEffects":false,"showParticleSystems":false},"in2DMode":false,"pivot":{"x":74.95113372802735,"y":108.46621704101563,"z":192.68438720703126},"rotation":{"x":-0.14873318374156953,"y":-0.6984490156173706,"z":0.15202951431274415,"w":-0.6834062933921814},"size":115.87264251708985,"orthographic":false}