{"cameraMode":{"drawMode":0,"name":"Shaded","section":"Shading Mode"},"sceneLighting":true,"audioPlay":false,"sceneViewState":{"showFog":false,"showMaterialUpdate":false,"showSkybox":false,"showFlares":false,"showImageEffects":false,"showParticleSystems":false},"in2DMode":false,"pivot":{"x":-8.461058616638184,"y":202.2821044921875,"z":245.5377960205078},"rotation":{"x":0.08638309687376023,"y":0.4988011419773102,"z":-0.05004843696951866,"w":0.860957145690918},"size":7.769123077392578,"orthographic":false}