{"cameraMode":{"drawMode":0,"name":"Shaded","section":"Shading Mode"},"sceneLighting":true,"audioPlay":false,"sceneViewState":{"showFog":false,"showMaterialUpdate":false,"showSkybox":false,"showFlares":false,"showImageEffects":false,"showParticleSystems":false},"in2DMode":false,"pivot":{"x":117.32691192626953,"y":165.20094299316407,"z":296.0760498046875},"rotation":{"x":-0.09522410482168198,"y":-0.6746567487716675,"z":0.08842495828866959,"w":-0.7266870737075806},"size":169.44776916503907,"orthographic":false}