{"cameraMode":{"drawMode":0,"name":"Shaded","section":"Shading Mode"},"sceneLighting":false,"audioPlay":false,"sceneViewState":{"showFog":true,"showMaterialUpdate":false,"showSkybox":false,"showFlares":true,"showImageEffects":true,"showParticleSystems":true},"in2DMode":false,"pivot":{"x":702.0155639648438,"y":413.0,"z":-0.1259479522705078},"rotation":{"x":-0.060275543481111529,"y":-0.006269223988056183,"z":0.0003565993101801723,"w":-0.9982138872146606},"size":2746.52783203125,"orthographic":false}