{"cameraMode":{"drawMode":0,"name":"Shaded","section":"Shading Mode"},"sceneLighting":true,"audioPlay":false,"sceneViewState":{"showFog":true,"showMaterialUpdate":false,"showSkybox":true,"showFlares":true,"showImageEffects":true,"showParticleSystems":true},"in2DMode":false,"pivot":{"x":-9.554931640625,"y":37.80333709716797,"z":6.224525451660156},"rotation":{"x":-0.166233092546463,"y":0.7579028606414795,"z":-0.2120552808046341,"w":-0.5941670536994934},"size":22.582122802734376,"orthographic":false}