{"cameraMode":{"drawMode":0,"name":"Shaded","section":"Shading Mode"},"sceneLighting":true,"audioPlay":false,"sceneViewState":{"showFog":true,"showMaterialUpdate":false,"showSkybox":true,"showFlares":true,"showImageEffects":true,"showParticleSystems":true},"in2DMode":false,"pivot":{"x":-13.400208473205567,"y":42.72567367553711,"z":8.911795616149903},"rotation":{"x":-0.005732719786465168,"y":-0.7593346238136292,"z":0.006689627189189196,"w":-0.6507105827331543},"size":4.366708755493164,"orthographic":false}