{"cameraMode":{"drawMode":0,"name":"Shaded","section":"Shading Mode"},"sceneLighting":true,"audioPlay":false,"sceneViewState":{"showFog":true,"showMaterialUpdate":false,"showSkybox":true,"showFlares":true,"showImageEffects":true,"showParticleSystems":true},"in2DMode":false,"pivot":{"x":29.997425079345704,"y":-31.481605529785158,"z":14.04383373260498},"rotation":{"x":0.264087438583374,"y":0.6581109166145325,"z":-0.26614078879356387,"w":0.652976930141449},"size":91.26564025878906,"orthographic":false}