{"cameraMode":{"drawMode":0,"name":"Shaded","section":"Shading Mode"},"sceneLighting":true,"audioPlay":false,"sceneViewState":{"showFog":true,"showMaterialUpdate":false,"showSkybox":true,"showFlares":true,"showImageEffects":true,"showParticleSystems":true},"in2DMode":false,"pivot":{"x":39.89402770996094,"y":24.426950454711915,"z":72.79411315917969},"rotation":{"x":0.27621880173683169,"y":0.619498074054718,"z":-0.24732311069965363,"w":0.6919942498207092},"size":66.3890380859375,"orthographic":false}