{"cameraMode":{"drawMode":0,"name":"Shaded","section":"Shading Mode"},"sceneLighting":true,"audioPlay":false,"sceneViewState":{"showFog":true,"showMaterialUpdate":false,"showSkybox":true,"showFlares":true,"showImageEffects":true,"showParticleSystems":true},"in2DMode":false,"pivot":{"x":-24.943965911865236,"y":86.35612487792969,"z":69.46195983886719},"rotation":{"x":0.1503826230764389,"y":0.6831937432289124,"z":-0.14692358672618867,"w":0.6993911862373352},"size":7.605290412902832,"orthographic":false}