{"cameraMode":{"drawMode":0,"name":"Shaded","section":"Shading Mode"},"sceneLighting":false,"audioPlay":false,"sceneViewState":{"showFog":true,"showMaterialUpdate":false,"showSkybox":false,"showFlares":true,"showImageEffects":true,"showParticleSystems":true},"in2DMode":false,"pivot":{"x":-5.842601776123047,"y":10.240922927856446,"z":10.084056854248047},"rotation":{"x":0.34886434674263,"y":0.2751145362854004,"z":-0.10791227221488953,"w":0.8893847465515137},"size":44.24509048461914,"orthographic":false}