{"cameraMode":{"drawMode":0,"name":"Shaded","section":"Shading Mode"},"sceneLighting":true,"audioPlay":false,"sceneViewState":{"showFog":false,"showMaterialUpdate":false,"showSkybox":false,"showFlares":false,"showImageEffects":false,"showParticleSystems":false},"in2DMode":false,"pivot":{"x":-11.94998550415039,"y":199.5200958251953,"z":248.7560577392578},"rotation":{"x":0.16669392585754395,"y":0.37134280800819399,"z":-0.06795963644981384,"w":0.9108878374099731},"size":23.291940689086915,"orthographic":false}