{"cameraMode":{"drawMode":0,"name":"Shaded","section":"Shading Mode"},"sceneLighting":true,"audioPlay":false,"sceneViewState":{"showFog":true,"showMaterialUpdate":false,"showSkybox":true,"showFlares":true,"showImageEffects":true,"showParticleSystems":true},"in2DMode":false,"pivot":{"x":39.89402770996094,"y":24.426950454711915,"z":72.79411315917969},"rotation":{"x":0.1895582228899002,"y":0.7648252248764038,"z":-0.2596904933452606,"w":0.5583670735359192},"size":66.3890380859375,"orthographic":false}