{"cameraMode":{"drawMode":0,"name":"Shaded","section":"Shading Mode"},"sceneLighting":true,"audioPlay":false,"sceneViewState":{"showFog":true,"showMaterialUpdate":false,"showSkybox":true,"showFlares":true,"showImageEffects":true,"showParticleSystems":true},"in2DMode":false,"pivot":{"x":14.248064994812012,"y":10.131365776062012,"z":15.722671508789063},"rotation":{"x":-0.1504911482334137,"y":-0.7006831169128418,"z":0.15507495403289796,"w":-0.6799655556678772},"size":87.47120666503906,"orthographic":false}