{"cameraMode":{"drawMode":0,"name":"Shaded","section":"Shading Mode"},"sceneLighting":true,"audioPlay":false,"sceneViewState":{"showFog":true,"showMaterialUpdate":false,"showSkybox":true,"showFlares":true,"showImageEffects":true,"showParticleSystems":true},"in2DMode":false,"pivot":{"x":-2.9322397708892824,"y":3.529256582260132,"z":-1.7054303884506226},"rotation":{"x":-0.052784621715545657,"y":0.0050889309495687489,"z":-0.0002691490517463535,"w":-0.9985907673835754},"size":27.67302894592285,"orthographic":false}