{"cameraMode":{"drawMode":0,"name":"Shaded","section":"Shading Mode"},"sceneLighting":true,"audioPlay":false,"sceneViewState":{"showFog":true,"showMaterialUpdate":false,"showSkybox":true,"showFlares":true,"showImageEffects":true,"showParticleSystems":true},"in2DMode":false,"pivot":{"x":-6.808403491973877,"y":-10.112015724182129,"z":9.64315414428711},"rotation":{"x":0.29094812273979189,"y":-0.04131973907351494,"z":0.012569560669362545,"w":0.9557695388793945},"size":69.42267608642578,"orthographic":false}