{"cameraMode":{"drawMode":0,"name":"Shaded","section":"Shading Mode"},"sceneLighting":true,"audioPlay":false,"sceneViewState":{"showFog":true,"showMaterialUpdate":false,"showSkybox":true,"showFlares":true,"showImageEffects":true,"showParticleSystems":true},"in2DMode":false,"pivot":{"x":26.496715545654298,"y":14.501968383789063,"z":29.659652709960939},"rotation":{"x":-0.05316048488020897,"y":0.3589780628681183,"z":0.020481405779719354,"w":0.9316094517707825},"size":74.67232513427735,"orthographic":false}

