{"cameraMode":{"drawMode":0,"name":"Shaded","section":"Shading Mode"},"sceneLighting":false,"audioPlay":false,"sceneViewState":{"showFog":true,"showMaterialUpdate":false,"showSkybox":false,"showFlares":true,"showImageEffects":true,"showParticleSystems":true},"in2DMode":false,"pivot":{"x":1.5139673948287964,"y":0.4469035565853119,"z":-0.38929709792137148},"rotation":{"x":-0.03034982830286026,"y":0.7147083282470703,"z":-0.031146006658673288,"w":-0.6981662511825562},"size":4.643505573272705,"orthographic":false}