{"cameraMode":{"drawMode":0,"name":"Shaded","section":"Shading Mode"},"sceneLighting":true,"audioPlay":false,"sceneViewState":{"showFog":true,"showMaterialUpdate":false,"showSkybox":true,"showFlares":true,"showImageEffects":true,"showParticleSystems":true},"in2DMode":false,"pivot":{"x":1081.3125,"y":496.5892333984375,"z":-82.500732421875},"rotation":{"x":-0.0033096063416451217,"y":-0.0009027443593367934,"z":0.0000029592720238724725,"w":-0.9999934434890747},"size":1018.473876953125,"orthographic":false}